operation,fp_montgomery_calls
hash_to_g1,1656
validate_g1,1534
validate_g2,2215
g1_scalar_mul,1979
to_affine_one,6
to_affine_batch10,69
sum_C_sequential10,19934
sum_C_msm_api10,11344
miller_11pairs_chunk1,76139
final_exp_valid_batch,7735
miller_11pairs_chunk4,58155
final_exp_valid_batch,7735
miller_11pairs_chunk8,55908
final_exp_valid_batch,7735
miller_11pairs_chunk11,53661
final_exp_valid_batch,7735
precompute_one_G2_lines,1750
miller_one_prepared,5117
miller_one_unprepared,6867
production_verify_distinct10,157483
