assumed_f,assumed_s,assumed_r,baseline_seconds,conditional_seconds,overall_speedup,time_reduction_fraction
0.5,1.0,0.2,1.886479,1.6978311000000001,1.111111111111111,0.09999999999999998
0.5,1.5,0.2,1.886479,1.4463005666666666,1.3043478260869565,0.2333333333333334
0.5,2.0,0.2,1.886479,1.3205353,1.4285714285714286,0.30000000000000004
0.7,1.0,0.2,1.886479,1.62237194,1.1627906976744187,0.14
0.7,1.5,0.2,1.886479,1.2702291933333334,1.4851485148514851,0.32666666666666666
0.7,2.0,0.2,1.886479,1.0941578200000002,1.7241379310344824,0.41999999999999993
0.85,1.0,0.2,1.886479,1.56577757,1.2048192771084336,0.16999999999999993
0.85,1.5,0.2,1.886479,1.1381756633333335,1.6574585635359114,0.3966666666666666
0.85,2.0,0.2,1.886479,0.92437471,2.0408163265306123,0.51
