experiment,command,options,capacity,mpi,proofs,distinct_keys,cold_us,tamper_check,warm_samples,warm_mean_us,warm_median_us,warm_min_us,warm_max_us
50-final,bench scale 8047 11 1 1 5,8047,11,14927,1,1,230448,True,5,204185,204146,204145,204342
50-final,bench scale 8047 11 2 2 5,8047,11,14927,2,2,382853,True,5,330084,330054,330054,330196
50-final,bench scale 8047 11 4 4 5,8047,11,14927,4,4,594072,True,5,491794.8,492146,489101,494281
50-final,bench scale 8047 11 8 8 5,8047,11,14927,8,8,1020152,True,5,807413.2,807124,806939,807951
50-final,bench scale 8047 11 10 10 5,8047,11,14927,10,10,1227458,True,5,963767.2,963775,963733,963803
50-final,bench scale 8047 11 16 10 5,8047,11,14927,16,10,1569437,True,5,1220299.4,1220340,1220170,1220409
50-final,bench scale 8047 11 32 10 5,8047,11,14927,32,10,2248868,True,5,1704659.2,1701416,1700187,1717053
50-final,bench scale 8047 11 64 10 5,8047,11,14927,64,10,3566123,True,5,2620112.8,2619987,2619800,2620977
50-final,bench scale 8047 11 10 1 5,8047,11,14927,10,1,643144,True,5,498165.2,497157,497017,499857
50-final,bench scale 8047 11 10 3 5,8047,11,14927,10,3,794160,True,5,625483.8,625458,625411,625605
50-final,bench scale 8047 11 32 1 5,8047,11,14927,32,1,1619851,True,5,1206912.4,1206679,1206671,1207851
50-final,bench scale 8047 11 32 3 5,8047,11,14927,32,3,1745798,True,5,1303415.6,1303144,1302945,1303944
50-final,bench scale 8047 11 64 1 5,8047,11,14927,64,1,3000176,True,5,2184897.4,2185043,2184164,2186051
50-final,bench scale 8047 11 64 3 5,8047,11,14927,64,3,3137690,True,5,2299179.4,2296180,2295366,2311029
52-final,bench scale 8047 11 64 10 3,8047,11,14927,64,10,3569106,True,3,2624966.3333333335,2624085,2620044,2630770
